Metric,Value
Accuracy,0.8453302801128888
F1 Score,0.8523121775322707
Precision,0.8025609998374542
Recall,0.9086391984459666
ROC-AUC,0.9121816090651421
